group,function,value,throughput_num,throughput_type,sample_measured_value,unit,iteration_count
plots,plot_10x1000_points,,,,15975039.0,ns,21
plots,plot_10x1000_points,,,,16145121.0,ns,21
plots,plot_10x1000_points,,,,16046661.0,ns,21
plots,plot_10x1000_points,,,,16070459.0,ns,21
plots,plot_10x1000_points,,,,15876120.0,ns,21
plots,plot_10x1000_points,,,,16196050.0,ns,21
plots,plot_10x1000_points,,,,16061808.0,ns,21
plots,plot_10x1000_points,,,,16105962.0,ns,21
plots,plot_10x1000_points,,,,15977322.0,ns,21
plots,plot_10x1000_points,,,,16083084.0,ns,21
plots,plot_10x1000_points,,,,15947691.0,ns,21
plots,plot_10x1000_points,,,,16092835.0,ns,21
plots,plot_10x1000_points,,,,15958987.0,ns,21
plots,plot_10x1000_points,,,,16095447.0,ns,21
plots,plot_10x1000_points,,,,15952650.0,ns,21
plots,plot_10x1000_points,,,,16098221.0,ns,21
plots,plot_10x1000_points,,,,16010557.0,ns,21
plots,plot_10x1000_points,,,,16048888.0,ns,21
plots,plot_10x1000_points,,,,16040185.0,ns,21
plots,plot_10x1000_points,,,,16017154.0,ns,21
plots,plot_10x1000_points,,,,15965239.0,ns,21
plots,plot_10x1000_points,,,,16072484.0,ns,21
plots,plot_10x1000_points,,,,16022615.0,ns,21
plots,plot_10x1000_points,,,,16117303.0,ns,21
plots,plot_10x1000_points,,,,15981166.0,ns,21
plots,plot_10x1000_points,,,,16018244.0,ns,21
plots,plot_10x1000_points,,,,15939155.0,ns,21
plots,plot_10x1000_points,,,,16068818.0,ns,21
plots,plot_10x1000_points,,,,16013107.0,ns,21
plots,plot_10x1000_points,,,,16094114.0,ns,21
plots,plot_10x1000_points,,,,16159221.0,ns,21
plots,plot_10x1000_points,,,,15945277.0,ns,21
plots,plot_10x1000_points,,,,16060766.0,ns,21
plots,plot_10x1000_points,,,,16080607.0,ns,21
plots,plot_10x1000_points,,,,16070384.0,ns,21
plots,plot_10x1000_points,,,,16170695.0,ns,21
plots,plot_10x1000_points,,,,16243444.0,ns,21
plots,plot_10x1000_points,,,,16140733.0,ns,21
plots,plot_10x1000_points,,,,16194903.0,ns,21
plots,plot_10x1000_points,,,,16078368.0,ns,21
plots,plot_10x1000_points,,,,16102182.0,ns,21
plots,plot_10x1000_points,,,,16073219.0,ns,21
plots,plot_10x1000_points,,,,16041508.0,ns,21
plots,plot_10x1000_points,,,,16063588.0,ns,21
plots,plot_10x1000_points,,,,16104722.0,ns,21
plots,plot_10x1000_points,,,,16157080.0,ns,21
plots,plot_10x1000_points,,,,16152899.0,ns,21
plots,plot_10x1000_points,,,,16123454.0,ns,21
plots,plot_10x1000_points,,,,16119938.0,ns,21
plots,plot_10x1000_points,,,,16072582.0,ns,21
plots,plot_10x1000_points,,,,16076482.0,ns,21
plots,plot_10x1000_points,,,,16107231.0,ns,21
plots,plot_10x1000_points,,,,16141161.0,ns,21
plots,plot_10x1000_points,,,,16088638.0,ns,21
plots,plot_10x1000_points,,,,16230667.0,ns,21
plots,plot_10x1000_points,,,,16161806.0,ns,21
plots,plot_10x1000_points,,,,16075753.0,ns,21
plots,plot_10x1000_points,,,,16186015.0,ns,21
plots,plot_10x1000_points,,,,15971552.0,ns,21
plots,plot_10x1000_points,,,,16112061.0,ns,21
plots,plot_10x1000_points,,,,16001959.0,ns,21
plots,plot_10x1000_points,,,,16027495.0,ns,21
plots,plot_10x1000_points,,,,16017379.0,ns,21
plots,plot_10x1000_points,,,,16134470.0,ns,21
plots,plot_10x1000_points,,,,16007344.0,ns,21
plots,plot_10x1000_points,,,,16004279.0,ns,21
plots,plot_10x1000_points,,,,16037696.0,ns,21
plots,plot_10x1000_points,,,,16006899.0,ns,21
plots,plot_10x1000_points,,,,16013658.0,ns,21
plots,plot_10x1000_points,,,,16100006.0,ns,21
plots,plot_10x1000_points,,,,15878018.0,ns,21
plots,plot_10x1000_points,,,,16009969.0,ns,21
plots,plot_10x1000_points,,,,15992474.0,ns,21
plots,plot_10x1000_points,,,,16163598.0,ns,21
plots,plot_10x1000_points,,,,16285975.0,ns,21
plots,plot_10x1000_points,,,,16113173.0,ns,21
plots,plot_10x1000_points,,,,16218878.0,ns,21
plots,plot_10x1000_points,,,,16149192.0,ns,21
plots,plot_10x1000_points,,,,16152108.0,ns,21
plots,plot_10x1000_points,,,,16301721.0,ns,21
plots,plot_10x1000_points,,,,16097141.0,ns,21
plots,plot_10x1000_points,,,,16125915.0,ns,21
plots,plot_10x1000_points,,,,16170205.0,ns,21
plots,plot_10x1000_points,,,,16094271.0,ns,21
plots,plot_10x1000_points,,,,16046299.0,ns,21
plots,plot_10x1000_points,,,,16285136.0,ns,21
plots,plot_10x1000_points,,,,16095928.0,ns,21
plots,plot_10x1000_points,,,,16000019.0,ns,21
plots,plot_10x1000_points,,,,16115473.0,ns,21
plots,plot_10x1000_points,,,,16026185.0,ns,21
plots,plot_10x1000_points,,,,16208394.0,ns,21
plots,plot_10x1000_points,,,,15996268.0,ns,21
plots,plot_10x1000_points,,,,16050224.0,ns,21
plots,plot_10x1000_points,,,,16097960.0,ns,21
plots,plot_10x1000_points,,,,16175935.0,ns,21
plots,plot_10x1000_points,,,,16032460.0,ns,21
plots,plot_10x1000_points,,,,16244454.0,ns,21
plots,plot_10x1000_points,,,,16165642.0,ns,21
plots,plot_10x1000_points,,,,16189028.0,ns,21
plots,plot_10x1000_points,,,,16068463.0,ns,21
plots,plot_10x1000_points,,,,16031268.0,ns,21
plots,plot_10x1000_points,,,,15978439.0,ns,21
plots,plot_10x1000_points,,,,16007415.0,ns,21
plots,plot_10x1000_points,,,,15999184.0,ns,21
plots,plot_10x1000_points,,,,16263622.0,ns,21
plots,plot_10x1000_points,,,,16017764.0,ns,21
plots,plot_10x1000_points,,,,15969930.0,ns,21
plots,plot_10x1000_points,,,,16131392.0,ns,21
plots,plot_10x1000_points,,,,16023352.0,ns,21
plots,plot_10x1000_points,,,,16083476.0,ns,21
plots,plot_10x1000_points,,,,16072179.0,ns,21
plots,plot_10x1000_points,,,,16079032.0,ns,21
plots,plot_10x1000_points,,,,16001169.0,ns,21
plots,plot_10x1000_points,,,,16059932.0,ns,21
plots,plot_10x1000_points,,,,15999244.0,ns,21
plots,plot_10x1000_points,,,,15964072.0,ns,21
plots,plot_10x1000_points,,,,15935155.0,ns,21
plots,plot_10x1000_points,,,,16030784.0,ns,21
plots,plot_10x1000_points,,,,16006195.0,ns,21
plots,plot_10x1000_points,,,,16078760.0,ns,21
plots,plot_10x1000_points,,,,15947465.0,ns,21
plots,plot_10x1000_points,,,,16011762.0,ns,21
plots,plot_10x1000_points,,,,15922151.0,ns,21
plots,plot_10x1000_points,,,,16065281.0,ns,21
plots,plot_10x1000_points,,,,15891701.0,ns,21
plots,plot_10x1000_points,,,,16211354.0,ns,21
plots,plot_10x1000_points,,,,16003604.0,ns,21
plots,plot_10x1000_points,,,,16117893.0,ns,21
plots,plot_10x1000_points,,,,16146624.0,ns,21
plots,plot_10x1000_points,,,,16119271.0,ns,21
plots,plot_10x1000_points,,,,15969052.0,ns,21
plots,plot_10x1000_points,,,,16093293.0,ns,21
plots,plot_10x1000_points,,,,16052197.0,ns,21
plots,plot_10x1000_points,,,,16026914.0,ns,21
plots,plot_10x1000_points,,,,15991245.0,ns,21
plots,plot_10x1000_points,,,,16164233.0,ns,21
plots,plot_10x1000_points,,,,16014610.0,ns,21
plots,plot_10x1000_points,,,,16010526.0,ns,21
plots,plot_10x1000_points,,,,16041584.0,ns,21
plots,plot_10x1000_points,,,,16091504.0,ns,21
plots,plot_10x1000_points,,,,16104603.0,ns,21
plots,plot_10x1000_points,,,,16139724.0,ns,21
plots,plot_10x1000_points,,,,16097850.0,ns,21
plots,plot_10x1000_points,,,,16154746.0,ns,21
plots,plot_10x1000_points,,,,16007655.0,ns,21
plots,plot_10x1000_points,,,,16089894.0,ns,21
plots,plot_10x1000_points,,,,16087654.0,ns,21
plots,plot_10x1000_points,,,,16045009.0,ns,21
plots,plot_10x1000_points,,,,16089676.0,ns,21
plots,plot_10x1000_points,,,,15415371.0,ns,21
plots,plot_10x1000_points,,,,12652382.0,ns,21
plots,plot_10x1000_points,,,,12996007.0,ns,21
plots,plot_10x1000_points,,,,13305691.0,ns,21
plots,plot_10x1000_points,,,,13482359.0,ns,21
plots,plot_10x1000_points,,,,13639299.0,ns,21
plots,plot_10x1000_points,,,,13592798.0,ns,21
plots,plot_10x1000_points,,,,13657610.0,ns,21
plots,plot_10x1000_points,,,,13767225.0,ns,21
plots,plot_10x1000_points,,,,13830753.0,ns,21
plots,plot_10x1000_points,,,,13793374.0,ns,21
plots,plot_10x1000_points,,,,13880354.0,ns,21
plots,plot_10x1000_points,,,,13830262.0,ns,21
plots,plot_10x1000_points,,,,13820597.0,ns,21
plots,plot_10x1000_points,,,,13828589.0,ns,21
plots,plot_10x1000_points,,,,13798607.0,ns,21
plots,plot_10x1000_points,,,,13853869.0,ns,21
plots,plot_10x1000_points,,,,13963638.0,ns,21
plots,plot_10x1000_points,,,,13851128.0,ns,21
plots,plot_10x1000_points,,,,13910582.0,ns,21
plots,plot_10x1000_points,,,,13926193.0,ns,21
plots,plot_10x1000_points,,,,13998939.0,ns,21
plots,plot_10x1000_points,,,,13891349.0,ns,21
plots,plot_10x1000_points,,,,13995678.0,ns,21
plots,plot_10x1000_points,,,,13982845.0,ns,21
plots,plot_10x1000_points,,,,14046084.0,ns,21
plots,plot_10x1000_points,,,,14086625.0,ns,21
plots,plot_10x1000_points,,,,14104132.0,ns,21
plots,plot_10x1000_points,,,,14066954.0,ns,21
plots,plot_10x1000_points,,,,14157865.0,ns,21
plots,plot_10x1000_points,,,,13891815.0,ns,21
plots,plot_10x1000_points,,,,14016449.0,ns,21
plots,plot_10x1000_points,,,,13974069.0,ns,21
plots,plot_10x1000_points,,,,14048936.0,ns,21
plots,plot_10x1000_points,,,,14116713.0,ns,21
plots,plot_10x1000_points,,,,14043524.0,ns,21
plots,plot_10x1000_points,,,,14048738.0,ns,21
plots,plot_10x1000_points,,,,14040748.0,ns,21
plots,plot_10x1000_points,,,,14095271.0,ns,21
plots,plot_10x1000_points,,,,14072964.0,ns,21
plots,plot_10x1000_points,,,,14097694.0,ns,21
plots,plot_10x1000_points,,,,14146864.0,ns,21
plots,plot_10x1000_points,,,,14138395.0,ns,21
plots,plot_10x1000_points,,,,14060561.0,ns,21
plots,plot_10x1000_points,,,,14045755.0,ns,21
plots,plot_10x1000_points,,,,14142462.0,ns,21
plots,plot_10x1000_points,,,,14131656.0,ns,21
plots,plot_10x1000_points,,,,14116638.0,ns,21
plots,plot_10x1000_points,,,,14091153.0,ns,21
plots,plot_10x1000_points,,,,13952406.0,ns,21
plots,plot_10x1000_points,,,,13191710.0,ns,21
plots,plot_10x1000_points,,,,13564728.0,ns,21
plots,plot_10x1000_points,,,,14066729.0,ns,21
plots,plot_10x1000_points,,,,14059015.0,ns,21
plots,plot_10x1000_points,,,,14139422.0,ns,21
plots,plot_10x1000_points,,,,14220157.0,ns,21
plots,plot_10x1000_points,,,,14242103.0,ns,21
plots,plot_10x1000_points,,,,13572221.0,ns,21
plots,plot_10x1000_points,,,,13049966.0,ns,21
plots,plot_10x1000_points,,,,13263099.0,ns,21
plots,plot_10x1000_points,,,,13886117.0,ns,21
plots,plot_10x1000_points,,,,13046730.0,ns,21
plots,plot_10x1000_points,,,,13335864.0,ns,21
plots,plot_10x1000_points,,,,13349317.0,ns,21
plots,plot_10x1000_points,,,,13362301.0,ns,21
plots,plot_10x1000_points,,,,13297080.0,ns,21
plots,plot_10x1000_points,,,,13292675.0,ns,21
plots,plot_10x1000_points,,,,13296953.0,ns,21
plots,plot_10x1000_points,,,,13296022.0,ns,21
plots,plot_10x1000_points,,,,13222023.0,ns,21
plots,plot_10x1000_points,,,,12784853.0,ns,21
plots,plot_10x1000_points,,,,13014511.0,ns,21
plots,plot_10x1000_points,,,,13138834.0,ns,21
plots,plot_10x1000_points,,,,12934978.0,ns,21
plots,plot_10x1000_points,,,,13147039.0,ns,21
plots,plot_10x1000_points,,,,13043415.0,ns,21
plots,plot_10x1000_points,,,,13065367.0,ns,21
plots,plot_10x1000_points,,,,13063931.0,ns,21
plots,plot_10x1000_points,,,,12963384.0,ns,21
plots,plot_10x1000_points,,,,13129670.0,ns,21
plots,plot_10x1000_points,,,,13177587.0,ns,21
plots,plot_10x1000_points,,,,13211796.0,ns,21
plots,plot_10x1000_points,,,,13135915.0,ns,21
plots,plot_10x1000_points,,,,13073993.0,ns,21
plots,plot_10x1000_points,,,,13166819.0,ns,21
plots,plot_10x1000_points,,,,13009343.0,ns,21
plots,plot_10x1000_points,,,,13132377.0,ns,21
plots,plot_10x1000_points,,,,13163203.0,ns,21
plots,plot_10x1000_points,,,,13057897.0,ns,21
plots,plot_10x1000_points,,,,13067173.0,ns,21
plots,plot_10x1000_points,,,,13145903.0,ns,21
plots,plot_10x1000_points,,,,13103417.0,ns,21
plots,plot_10x1000_points,,,,13045686.0,ns,21
plots,plot_10x1000_points,,,,13067607.0,ns,21
plots,plot_10x1000_points,,,,13054531.0,ns,21
plots,plot_10x1000_points,,,,13190976.0,ns,21
plots,plot_10x1000_points,,,,13147849.0,ns,21
plots,plot_10x1000_points,,,,13267686.0,ns,21
plots,plot_10x1000_points,,,,13100427.0,ns,21
plots,plot_10x1000_points,,,,13098446.0,ns,21
plots,plot_10x1000_points,,,,13049454.0,ns,21
plots,plot_10x1000_points,,,,13130975.0,ns,21
plots,plot_10x1000_points,,,,13230126.0,ns,21
plots,plot_10x1000_points,,,,13177918.0,ns,21
plots,plot_10x1000_points,,,,13056311.0,ns,21
plots,plot_10x1000_points,,,,13091279.0,ns,21
plots,plot_10x1000_points,,,,13098046.0,ns,21
plots,plot_10x1000_points,,,,13109488.0,ns,21
plots,plot_10x1000_points,,,,13068763.0,ns,21
plots,plot_10x1000_points,,,,13225579.0,ns,21
plots,plot_10x1000_points,,,,13080768.0,ns,21
plots,plot_10x1000_points,,,,13044161.0,ns,21
plots,plot_10x1000_points,,,,13151315.0,ns,21
plots,plot_10x1000_points,,,,12998248.0,ns,21
plots,plot_10x1000_points,,,,13065299.0,ns,21
plots,plot_10x1000_points,,,,13100173.0,ns,21
plots,plot_10x1000_points,,,,13047262.0,ns,21
plots,plot_10x1000_points,,,,13107506.0,ns,21
plots,plot_10x1000_points,,,,13073189.0,ns,21
plots,plot_10x1000_points,,,,13133880.0,ns,21
plots,plot_10x1000_points,,,,13068366.0,ns,21
plots,plot_10x1000_points,,,,13239263.0,ns,21
plots,plot_10x1000_points,,,,13478264.0,ns,21
plots,plot_10x1000_points,,,,13277588.0,ns,21
plots,plot_10x1000_points,,,,13308980.0,ns,21
plots,plot_10x1000_points,,,,13682133.0,ns,21
plots,plot_10x1000_points,,,,13114871.0,ns,21
plots,plot_10x1000_points,,,,13145432.0,ns,21
plots,plot_10x1000_points,,,,13219553.0,ns,21
plots,plot_10x1000_points,,,,13199356.0,ns,21
plots,plot_10x1000_points,,,,13182372.0,ns,21
plots,plot_10x1000_points,,,,13038267.0,ns,21
plots,plot_10x1000_points,,,,13054148.0,ns,21
plots,plot_10x1000_points,,,,13160420.0,ns,21
plots,plot_10x1000_points,,,,13060726.0,ns,21
plots,plot_10x1000_points,,,,13198424.0,ns,21
plots,plot_10x1000_points,,,,13077945.0,ns,21
plots,plot_10x1000_points,,,,13139195.0,ns,21
plots,plot_10x1000_points,,,,13251677.0,ns,21
plots,plot_10x1000_points,,,,13066408.0,ns,21
plots,plot_10x1000_points,,,,13230775.0,ns,21
plots,plot_10x1000_points,,,,13090427.0,ns,21
plots,plot_10x1000_points,,,,13117246.0,ns,21
plots,plot_10x1000_points,,,,13175422.0,ns,21
plots,plot_10x1000_points,,,,13158769.0,ns,21
plots,plot_10x1000_points,,,,13161992.0,ns,21
plots,plot_10x1000_points,,,,13111936.0,ns,21
plots,plot_10x1000_points,,,,13181781.0,ns,21
plots,plot_10x1000_points,,,,13283440.0,ns,21
plots,plot_10x1000_points,,,,13103126.0,ns,21
plots,plot_10x1000_points,,,,13573738.0,ns,21
plots,plot_10x1000_points,,,,12755586.0,ns,21
plots,plot_10x1000_points,,,,13171035.0,ns,21
plots,plot_10x1000_points,,,,12972310.0,ns,21
plots,plot_10x1000_points,,,,12907432.0,ns,21
plots,plot_10x1000_points,,,,13200954.0,ns,21
plots,plot_10x1000_points,,,,13056433.0,ns,21
plots,plot_10x1000_points,,,,12977005.0,ns,21
plots,plot_10x1000_points,,,,13078368.0,ns,21
plots,plot_10x1000_points,,,,13046022.0,ns,21
plots,plot_10x1000_points,,,,13102113.0,ns,21
plots,plot_10x1000_points,,,,13059163.0,ns,21
plots,plot_10x1000_points,,,,13020872.0,ns,21
plots,plot_10x1000_points,,,,13069275.0,ns,21
plots,plot_10x1000_points,,,,12964080.0,ns,21
plots,plot_10x1000_points,,,,12967962.0,ns,21
plots,plot_10x1000_points,,,,13090664.0,ns,21
plots,plot_10x1000_points,,,,12990819.0,ns,21
plots,plot_10x1000_points,,,,13169580.0,ns,21
plots,plot_10x1000_points,,,,12630035.0,ns,21
plots,plot_10x1000_points,,,,12906557.0,ns,21
plots,plot_10x1000_points,,,,12846295.0,ns,21
plots,plot_10x1000_points,,,,12731342.0,ns,21
plots,plot_10x1000_points,,,,12882446.0,ns,21
plots,plot_10x1000_points,,,,12830905.0,ns,21
plots,plot_10x1000_points,,,,12874075.0,ns,21
plots,plot_10x1000_points,,,,12881282.0,ns,21
plots,plot_10x1000_points,,,,12823074.0,ns,21
plots,plot_10x1000_points,,,,12818509.0,ns,21
plots,plot_10x1000_points,,,,12931208.0,ns,21
plots,plot_10x1000_points,,,,12976613.0,ns,21
plots,plot_10x1000_points,,,,13032082.0,ns,21
plots,plot_10x1000_points,,,,12851158.0,ns,21
plots,plot_10x1000_points,,,,12945172.0,ns,21
plots,plot_10x1000_points,,,,12972774.0,ns,21
plots,plot_10x1000_points,,,,12923235.0,ns,21
plots,plot_10x1000_points,,,,13137901.0,ns,21
plots,plot_10x1000_points,,,,12776262.0,ns,21
plots,plot_10x1000_points,,,,12899240.0,ns,21
plots,plot_10x1000_points,,,,13017428.0,ns,21
plots,plot_10x1000_points,,,,12819650.0,ns,21
plots,plot_10x1000_points,,,,12887165.0,ns,21
plots,plot_10x1000_points,,,,12952142.0,ns,21
plots,plot_10x1000_points,,,,13015016.0,ns,21
plots,plot_10x1000_points,,,,13112337.0,ns,21
plots,plot_10x1000_points,,,,12888029.0,ns,21
plots,plot_10x1000_points,,,,13478023.0,ns,21
plots,plot_10x1000_points,,,,13083144.0,ns,21
plots,plot_10x1000_points,,,,12939474.0,ns,21
plots,plot_10x1000_points,,,,13254638.0,ns,21
plots,plot_10x1000_points,,,,12936687.0,ns,21
plots,plot_10x1000_points,,,,13054060.0,ns,21
plots,plot_10x1000_points,,,,13018904.0,ns,21
plots,plot_10x1000_points,,,,12871135.0,ns,21
plots,plot_10x1000_points,,,,13041132.0,ns,21
plots,plot_10x1000_points,,,,12870156.0,ns,21
plots,plot_10x1000_points,,,,14458264.0,ns,21
plots,plot_10x1000_points,,,,16136026.0,ns,21
plots,plot_10x1000_points,,,,14510818.0,ns,21
plots,plot_10x1000_points,,,,13201603.0,ns,21
plots,plot_10x1000_points,,,,13231963.0,ns,21
plots,plot_10x1000_points,,,,13218036.0,ns,21
plots,plot_10x1000_points,,,,13442275.0,ns,21
plots,plot_10x1000_points,,,,13539325.0,ns,21
plots,plot_10x1000_points,,,,13633773.0,ns,21
plots,plot_10x1000_points,,,,13683265.0,ns,21
plots,plot_10x1000_points,,,,13727431.0,ns,21
plots,plot_10x1000_points,,,,13765454.0,ns,21
plots,plot_10x1000_points,,,,13778338.0,ns,21
plots,plot_10x1000_points,,,,13830023.0,ns,21
plots,plot_10x1000_points,,,,13852804.0,ns,21
plots,plot_10x1000_points,,,,13803643.0,ns,21
plots,plot_10x1000_points,,,,13798719.0,ns,21
plots,plot_10x1000_points,,,,13782241.0,ns,21
plots,plot_10x1000_points,,,,13843086.0,ns,21
plots,plot_10x1000_points,,,,13899654.0,ns,21
plots,plot_10x1000_points,,,,13825967.0,ns,21
plots,plot_10x1000_points,,,,13924307.0,ns,21
plots,plot_10x1000_points,,,,13840471.0,ns,21
plots,plot_10x1000_points,,,,13912864.0,ns,21
plots,plot_10x1000_points,,,,14036546.0,ns,21
plots,plot_10x1000_points,,,,13914799.0,ns,21
plots,plot_10x1000_points,,,,13917129.0,ns,21
plots,plot_10x1000_points,,,,14048439.0,ns,21
plots,plot_10x1000_points,,,,14023015.0,ns,21
plots,plot_10x1000_points,,,,13994750.0,ns,21
plots,plot_10x1000_points,,,,14121986.0,ns,21
plots,plot_10x1000_points,,,,13988676.0,ns,21
plots,plot_10x1000_points,,,,13980056.0,ns,21
plots,plot_10x1000_points,,,,14092442.0,ns,21
plots,plot_10x1000_points,,,,14006211.0,ns,21
plots,plot_10x1000_points,,,,14138842.0,ns,21
plots,plot_10x1000_points,,,,14044390.0,ns,21
plots,plot_10x1000_points,,,,14011831.0,ns,21
plots,plot_10x1000_points,,,,14126752.0,ns,21
plots,plot_10x1000_points,,,,14054440.0,ns,21
plots,plot_10x1000_points,,,,14157125.0,ns,21
plots,plot_10x1000_points,,,,14136637.0,ns,21
plots,plot_10x1000_points,,,,14026573.0,ns,21
plots,plot_10x1000_points,,,,14076929.0,ns,21
plots,plot_10x1000_points,,,,14120673.0,ns,21
plots,plot_10x1000_points,,,,14046959.0,ns,21
plots,plot_10x1000_points,,,,14052765.0,ns,21
plots,plot_10x1000_points,,,,14062159.0,ns,21
plots,plot_10x1000_points,,,,14090330.0,ns,21
plots,plot_10x1000_points,,,,14091311.0,ns,21
plots,plot_10x1000_points,,,,14146647.0,ns,21
plots,plot_10x1000_points,,,,14173300.0,ns,21
plots,plot_10x1000_points,,,,14073165.0,ns,21
plots,plot_10x1000_points,,,,13957771.0,ns,21
plots,plot_10x1000_points,,,,13967969.0,ns,21
plots,plot_10x1000_points,,,,14245938.0,ns,21
plots,plot_10x1000_points,,,,14150484.0,ns,21
plots,plot_10x1000_points,,,,14053525.0,ns,21
plots,plot_10x1000_points,,,,14141000.0,ns,21
plots,plot_10x1000_points,,,,14073975.0,ns,21
plots,plot_10x1000_points,,,,14129582.0,ns,21
plots,plot_10x1000_points,,,,14223908.0,ns,21
plots,plot_10x1000_points,,,,14099132.0,ns,21
plots,plot_10x1000_points,,,,14092760.0,ns,21
plots,plot_10x1000_points,,,,13964450.0,ns,21
plots,plot_10x1000_points,,,,14079479.0,ns,21
plots,plot_10x1000_points,,,,14195166.0,ns,21
plots,plot_10x1000_points,,,,14108452.0,ns,21
plots,plot_10x1000_points,,,,14106991.0,ns,21
plots,plot_10x1000_points,,,,14135684.0,ns,21
plots,plot_10x1000_points,,,,14042150.0,ns,21
plots,plot_10x1000_points,,,,14212823.0,ns,21
plots,plot_10x1000_points,,,,14211691.0,ns,21
plots,plot_10x1000_points,,,,14188051.0,ns,21
plots,plot_10x1000_points,,,,14189706.0,ns,21
plots,plot_10x1000_points,,,,14128327.0,ns,21
plots,plot_10x1000_points,,,,14242447.0,ns,21
plots,plot_10x1000_points,,,,14119595.0,ns,21
plots,plot_10x1000_points,,,,14191940.0,ns,21
plots,plot_10x1000_points,,,,14117186.0,ns,21
plots,plot_10x1000_points,,,,14136542.0,ns,21
plots,plot_10x1000_points,,,,14140069.0,ns,21
plots,plot_10x1000_points,,,,14130173.0,ns,21
plots,plot_10x1000_points,,,,14048498.0,ns,21
plots,plot_10x1000_points,,,,14054037.0,ns,21
plots,plot_10x1000_points,,,,14264660.0,ns,21
plots,plot_10x1000_points,,,,14150096.0,ns,21
plots,plot_10x1000_points,,,,14144010.0,ns,21
plots,plot_10x1000_points,,,,14150938.0,ns,21
plots,plot_10x1000_points,,,,14092153.0,ns,21
plots,plot_10x1000_points,,,,14206244.0,ns,21
plots,plot_10x1000_points,,,,14099153.0,ns,21
plots,plot_10x1000_points,,,,14142321.0,ns,21
plots,plot_10x1000_points,,,,14272577.0,ns,21
plots,plot_10x1000_points,,,,14083159.0,ns,21
plots,plot_10x1000_points,,,,14142225.0,ns,21
plots,plot_10x1000_points,,,,14132617.0,ns,21
plots,plot_10x1000_points,,,,14222379.0,ns,21
plots,plot_10x1000_points,,,,14055590.0,ns,21
plots,plot_10x1000_points,,,,14156333.0,ns,21
plots,plot_10x1000_points,,,,14197642.0,ns,21
plots,plot_10x1000_points,,,,14139029.0,ns,21
plots,plot_10x1000_points,,,,14113073.0,ns,21
plots,plot_10x1000_points,,,,14085195.0,ns,21
plots,plot_10x1000_points,,,,14137692.0,ns,21
plots,plot_10x1000_points,,,,14231326.0,ns,21
plots,plot_10x1000_points,,,,14137039.0,ns,21
plots,plot_10x1000_points,,,,14094743.0,ns,21
plots,plot_10x1000_points,,,,14135799.0,ns,21
plots,plot_10x1000_points,,,,14116139.0,ns,21
plots,plot_10x1000_points,,,,14124830.0,ns,21
plots,plot_10x1000_points,,,,14081783.0,ns,21
plots,plot_10x1000_points,,,,14191393.0,ns,21
plots,plot_10x1000_points,,,,14081526.0,ns,21
plots,plot_10x1000_points,,,,14040751.0,ns,21
plots,plot_10x1000_points,,,,14082833.0,ns,21
plots,plot_10x1000_points,,,,14098669.0,ns,21
plots,plot_10x1000_points,,,,14005603.0,ns,21
plots,plot_10x1000_points,,,,14023022.0,ns,21
plots,plot_10x1000_points,,,,14075653.0,ns,21
plots,plot_10x1000_points,,,,14098111.0,ns,21
plots,plot_10x1000_points,,,,14065525.0,ns,21
plots,plot_10x1000_points,,,,14156456.0,ns,21
plots,plot_10x1000_points,,,,14070760.0,ns,21
plots,plot_10x1000_points,,,,14082713.0,ns,21
plots,plot_10x1000_points,,,,14049878.0,ns,21
plots,plot_10x1000_points,,,,14118323.0,ns,21
plots,plot_10x1000_points,,,,14118009.0,ns,21
plots,plot_10x1000_points,,,,14103347.0,ns,21
plots,plot_10x1000_points,,,,14120509.0,ns,21
plots,plot_10x1000_points,,,,13996952.0,ns,21
plots,plot_10x1000_points,,,,14155741.0,ns,21
plots,plot_10x1000_points,,,,13923075.0,ns,21
plots,plot_10x1000_points,,,,14034732.0,ns,21
plots,plot_10x1000_points,,,,14078899.0,ns,21
plots,plot_10x1000_points,,,,14004455.0,ns,21
plots,plot_10x1000_points,,,,14037294.0,ns,21
plots,plot_10x1000_points,,,,14013227.0,ns,21
plots,plot_10x1000_points,,,,14095953.0,ns,21
plots,plot_10x1000_points,,,,14043315.0,ns,21
plots,plot_10x1000_points,,,,14061689.0,ns,21
plots,plot_10x1000_points,,,,14105221.0,ns,21
plots,plot_10x1000_points,,,,14167571.0,ns,21
plots,plot_10x1000_points,,,,14137078.0,ns,21
plots,plot_10x1000_points,,,,14141886.0,ns,21
plots,plot_10x1000_points,,,,14035608.0,ns,21
plots,plot_10x1000_points,,,,14183700.0,ns,21
plots,plot_10x1000_points,,,,14089582.0,ns,21
plots,plot_10x1000_points,,,,14101184.0,ns,21
plots,plot_10x1000_points,,,,14026197.0,ns,21
plots,plot_10x1000_points,,,,14181266.0,ns,21
plots,plot_10x1000_points,,,,13992162.0,ns,21
plots,plot_10x1000_points,,,,14057401.0,ns,21
plots,plot_10x1000_points,,,,14117236.0,ns,21
plots,plot_10x1000_points,,,,14118798.0,ns,21
plots,plot_10x1000_points,,,,14112251.0,ns,21
plots,plot_10x1000_points,,,,14181724.0,ns,21
plots,plot_10x1000_points,,,,14133790.0,ns,21
plots,plot_10x1000_points,,,,14371326.0,ns,21
plots,plot_10x1000_points,,,,14411263.0,ns,21
plots,plot_10x1000_points,,,,14432466.0,ns,21
plots,plot_10x1000_points,,,,14465618.0,ns,21
plots,plot_10x1000_points,,,,14381397.0,ns,21
plots,plot_10x1000_points,,,,14053494.0,ns,21
plots,plot_10x1000_points,,,,14036215.0,ns,21
plots,plot_10x1000_points,,,,14005307.0,ns,21
plots,plot_10x1000_points,,,,13958855.0,ns,21
plots,plot_10x1000_points,,,,13984602.0,ns,21
plots,plot_10x1000_points,,,,14113354.0,ns,21
plots,plot_10x1000_points,,,,14062502.0,ns,21
plots,plot_10x1000_points,,,,13930764.0,ns,21
plots,plot_10x1000_points,,,,14096694.0,ns,21
plots,plot_10x1000_points,,,,14024419.0,ns,21
plots,plot_10x1000_points,,,,13874142.0,ns,21
plots,plot_10x1000_points,,,,13998321.0,ns,21
plots,plot_10x1000_points,,,,13798660.0,ns,21
plots,plot_10x1000_points,,,,13225529.0,ns,21
plots,plot_10x1000_points,,,,13024208.0,ns,21
plots,plot_10x1000_points,,,,13616921.0,ns,21
plots,plot_10x1000_points,,,,13532015.0,ns,21
plots,plot_10x1000_points,,,,13293519.0,ns,21
plots,plot_10x1000_points,,,,13341354.0,ns,21
plots,plot_10x1000_points,,,,13655157.0,ns,21
plots,plot_10x1000_points,,,,13499148.0,ns,21
plots,plot_10x1000_points,,,,13475825.0,ns,21
plots,plot_10x1000_points,,,,13350813.0,ns,21
plots,plot_10x1000_points,,,,13338691.0,ns,21
plots,plot_10x1000_points,,,,13112263.0,ns,21
plots,plot_10x1000_points,,,,13187590.0,ns,21
plots,plot_10x1000_points,,,,13267850.0,ns,21
plots,plot_10x1000_points,,,,13193696.0,ns,21
plots,plot_10x1000_points,,,,13180902.0,ns,21
plots,plot_10x1000_points,,,,13249970.0,ns,21
plots,plot_10x1000_points,,,,13150775.0,ns,21
plots,plot_10x1000_points,,,,13145033.0,ns,21
plots,plot_10x1000_points,,,,13135338.0,ns,21
plots,plot_10x1000_points,,,,13338658.0,ns,21
plots,plot_10x1000_points,,,,13199156.0,ns,21
plots,plot_10x1000_points,,,,13139026.0,ns,21
plots,plot_10x1000_points,,,,13369031.0,ns,21
plots,plot_10x1000_points,,,,13084947.0,ns,21
plots,plot_10x1000_points,,,,13235152.0,ns,21
plots,plot_10x1000_points,,,,13456912.0,ns,21
plots,plot_10x1000_points,,,,13372059.0,ns,21
plots,plot_10x1000_points,,,,13257782.0,ns,21
plots,plot_10x1000_points,,,,13149994.0,ns,21
plots,plot_10x1000_points,,,,13211182.0,ns,21
plots,plot_10x1000_points,,,,13145851.0,ns,21
plots,plot_10x1000_points,,,,13130012.0,ns,21
plots,plot_10x1000_points,,,,13218557.0,ns,21
plots,plot_10x1000_points,,,,13569400.0,ns,21
plots,plot_10x1000_points,,,,13468812.0,ns,21
plots,plot_10x1000_points,,,,13059188.0,ns,21
plots,plot_10x1000_points,,,,13046464.0,ns,21
plots,plot_10x1000_points,,,,13117277.0,ns,21
plots,plot_10x1000_points,,,,13028527.0,ns,21
plots,plot_10x1000_points,,,,13162078.0,ns,21
plots,plot_10x1000_points,,,,13031969.0,ns,21
plots,plot_10x1000_points,,,,13133439.0,ns,21
plots,plot_10x1000_points,,,,13214628.0,ns,21
plots,plot_10x1000_points,,,,13145535.0,ns,21
plots,plot_10x1000_points,,,,13168978.0,ns,21
plots,plot_10x1000_points,,,,13507149.0,ns,21
plots,plot_10x1000_points,,,,13777960.0,ns,21
plots,plot_10x1000_points,,,,13145095.0,ns,21
plots,plot_10x1000_points,,,,13275172.0,ns,21
plots,plot_10x1000_points,,,,13377467.0,ns,21
plots,plot_10x1000_points,,,,13068841.0,ns,21
plots,plot_10x1000_points,,,,13174728.0,ns,21
plots,plot_10x1000_points,,,,13084864.0,ns,21
plots,plot_10x1000_points,,,,13051136.0,ns,21
plots,plot_10x1000_points,,,,13100772.0,ns,21
plots,plot_10x1000_points,,,,13120608.0,ns,21
plots,plot_10x1000_points,,,,13053381.0,ns,21
plots,plot_10x1000_points,,,,13051779.0,ns,21
plots,plot_10x1000_points,,,,13020110.0,ns,21
plots,plot_10x1000_points,,,,13055437.0,ns,21
plots,plot_10x1000_points,,,,13080023.0,ns,21
plots,plot_10x1000_points,,,,13130057.0,ns,21
plots,plot_10x1000_points,,,,13401906.0,ns,21
plots,plot_10x1000_points,,,,13083779.0,ns,21
plots,plot_10x1000_points,,,,13133310.0,ns,21
plots,plot_10x1000_points,,,,13329421.0,ns,21
plots,plot_10x1000_points,,,,13067760.0,ns,21
plots,plot_10x1000_points,,,,13189226.0,ns,21
plots,plot_10x1000_points,,,,13125048.0,ns,21
plots,plot_10x1000_points,,,,13130161.0,ns,21
plots,plot_10x1000_points,,,,13274049.0,ns,21
plots,plot_10x1000_points,,,,13112944.0,ns,21
plots,plot_10x1000_points,,,,13302572.0,ns,21
plots,plot_10x1000_points,,,,13097290.0,ns,21
plots,plot_10x1000_points,,,,13183957.0,ns,21
plots,plot_10x1000_points,,,,13229371.0,ns,21
plots,plot_10x1000_points,,,,13095778.0,ns,21
plots,plot_10x1000_points,,,,13209909.0,ns,21
plots,plot_10x1000_points,,,,13109511.0,ns,21
plots,plot_10x1000_points,,,,13201535.0,ns,21
plots,plot_10x1000_points,,,,13168562.0,ns,21
plots,plot_10x1000_points,,,,13396377.0,ns,21
plots,plot_10x1000_points,,,,13468918.0,ns,21
plots,plot_10x1000_points,,,,13700389.0,ns,21
plots,plot_10x1000_points,,,,12920392.0,ns,21
plots,plot_10x1000_points,,,,12877127.0,ns,21
plots,plot_10x1000_points,,,,12904783.0,ns,21
plots,plot_10x1000_points,,,,13253008.0,ns,21
plots,plot_10x1000_points,,,,12867662.0,ns,21
plots,plot_10x1000_points,,,,13107159.0,ns,21
plots,plot_10x1000_points,,,,12978260.0,ns,21
plots,plot_10x1000_points,,,,12899701.0,ns,21
plots,plot_10x1000_points,,,,12921288.0,ns,21
plots,plot_10x1000_points,,,,12754657.0,ns,21
plots,plot_10x1000_points,,,,12897699.0,ns,21
plots,plot_10x1000_points,,,,12981415.0,ns,21
plots,plot_10x1000_points,,,,12849690.0,ns,21
plots,plot_10x1000_points,,,,12839131.0,ns,21
plots,plot_10x1000_points,,,,13163121.0,ns,21
plots,plot_10x1000_points,,,,12873680.0,ns,21
plots,plot_10x1000_points,,,,12969760.0,ns,21
plots,plot_10x1000_points,,,,12775945.0,ns,21
plots,plot_10x1000_points,,,,12858610.0,ns,21
plots,plot_10x1000_points,,,,12887455.0,ns,21
plots,plot_10x1000_points,,,,12910948.0,ns,21
plots,plot_10x1000_points,,,,13021544.0,ns,21
plots,plot_10x1000_points,,,,12953949.0,ns,21
plots,plot_10x1000_points,,,,12902981.0,ns,21
plots,plot_10x1000_points,,,,12916104.0,ns,21
plots,plot_10x1000_points,,,,12871207.0,ns,21
plots,plot_10x1000_points,,,,12895532.0,ns,21
plots,plot_10x1000_points,,,,13251896.0,ns,21
plots,plot_10x1000_points,,,,12871800.0,ns,21
plots,plot_10x1000_points,,,,13131109.0,ns,21
plots,plot_10x1000_points,,,,12952618.0,ns,21
plots,plot_10x1000_points,,,,12901289.0,ns,21
plots,plot_10x1000_points,,,,13045626.0,ns,21
plots,plot_10x1000_points,,,,12858200.0,ns,21
plots,plot_10x1000_points,,,,13070243.0,ns,21
plots,plot_10x1000_points,,,,12876407.0,ns,21
plots,plot_10x1000_points,,,,13059860.0,ns,21
plots,plot_10x1000_points,,,,13019746.0,ns,21
plots,plot_10x1000_points,,,,12965891.0,ns,21
plots,plot_10x1000_points,,,,13096415.0,ns,21
plots,plot_10x1000_points,,,,12913818.0,ns,21
plots,plot_10x1000_points,,,,12922010.0,ns,21
plots,plot_10x1000_points,,,,12933524.0,ns,21
plots,plot_10x1000_points,,,,12890856.0,ns,21
plots,plot_10x1000_points,,,,12855770.0,ns,21
plots,plot_10x1000_points,,,,13193087.0,ns,21
plots,plot_10x1000_points,,,,12883447.0,ns,21
plots,plot_10x1000_points,,,,13042470.0,ns,21
plots,plot_10x1000_points,,,,12837689.0,ns,21
plots,plot_10x1000_points,,,,12954064.0,ns,21
plots,plot_10x1000_points,,,,13018145.0,ns,21
plots,plot_10x1000_points,,,,12857759.0,ns,21
plots,plot_10x1000_points,,,,13049721.0,ns,21
plots,plot_10x1000_points,,,,12894272.0,ns,21
plots,plot_10x1000_points,,,,13046934.0,ns,21
plots,plot_10x1000_points,,,,13010553.0,ns,21
plots,plot_10x1000_points,,,,12849781.0,ns,21
plots,plot_10x1000_points,,,,13172489.0,ns,21
plots,plot_10x1000_points,,,,12902265.0,ns,21
plots,plot_10x1000_points,,,,12909234.0,ns,21
plots,plot_10x1000_points,,,,12992409.0,ns,21
plots,plot_10x1000_points,,,,12855898.0,ns,21
plots,plot_10x1000_points,,,,12903884.0,ns,21
plots,plot_10x1000_points,,,,13015193.0,ns,21
plots,plot_10x1000_points,,,,12880844.0,ns,21
plots,plot_10x1000_points,,,,13085306.0,ns,21
plots,plot_10x1000_points,,,,12854314.0,ns,21
plots,plot_10x1000_points,,,,12971369.0,ns,21
plots,plot_10x1000_points,,,,13094785.0,ns,21
plots,plot_10x1000_points,,,,12901434.0,ns,21
plots,plot_10x1000_points,,,,13095146.0,ns,21
plots,plot_10x1000_points,,,,12864637.0,ns,21
plots,plot_10x1000_points,,,,12929448.0,ns,21
plots,plot_10x1000_points,,,,13028508.0,ns,21
plots,plot_10x1000_points,,,,13016010.0,ns,21
plots,plot_10x1000_points,,,,13020615.0,ns,21
plots,plot_10x1000_points,,,,12878135.0,ns,21
plots,plot_10x1000_points,,,,12924268.0,ns,21
plots,plot_10x1000_points,,,,13059200.0,ns,21
plots,plot_10x1000_points,,,,12874415.0,ns,21
plots,plot_10x1000_points,,,,13006625.0,ns,21
plots,plot_10x1000_points,,,,13009457.0,ns,21
plots,plot_10x1000_points,,,,12907891.0,ns,21
plots,plot_10x1000_points,,,,13012689.0,ns,21
plots,plot_10x1000_points,,,,12936189.0,ns,21
plots,plot_10x1000_points,,,,12938711.0,ns,21
plots,plot_10x1000_points,,,,12979573.0,ns,21
plots,plot_10x1000_points,,,,12871734.0,ns,21
plots,plot_10x1000_points,,,,13081775.0,ns,21
plots,plot_10x1000_points,,,,12872937.0,ns,21
plots,plot_10x1000_points,,,,12943758.0,ns,21
plots,plot_10x1000_points,,,,12953095.0,ns,21
plots,plot_10x1000_points,,,,12812822.0,ns,21
plots,plot_10x1000_points,,,,13048398.0,ns,21
plots,plot_10x1000_points,,,,12962706.0,ns,21
plots,plot_10x1000_points,,,,13147337.0,ns,21
plots,plot_10x1000_points,,,,12960954.0,ns,21
plots,plot_10x1000_points,,,,12906144.0,ns,21
plots,plot_10x1000_points,,,,12917119.0,ns,21
plots,plot_10x1000_points,,,,13093464.0,ns,21
plots,plot_10x1000_points,,,,12873551.0,ns,21
plots,plot_10x1000_points,,,,12993013.0,ns,21
plots,plot_10x1000_points,,,,13165335.0,ns,21
plots,plot_10x1000_points,,,,12946389.0,ns,21
plots,plot_10x1000_points,,,,12921134.0,ns,21
plots,plot_10x1000_points,,,,12936852.0,ns,21
plots,plot_10x1000_points,,,,13101746.0,ns,21
plots,plot_10x1000_points,,,,12843603.0,ns,21
plots,plot_10x1000_points,,,,13168828.0,ns,21
plots,plot_10x1000_points,,,,13406111.0,ns,21
plots,plot_10x1000_points,,,,13498586.0,ns,21
plots,plot_10x1000_points,,,,13606158.0,ns,21
plots,plot_10x1000_points,,,,13641021.0,ns,21
plots,plot_10x1000_points,,,,13672014.0,ns,21
plots,plot_10x1000_points,,,,13650967.0,ns,21
plots,plot_10x1000_points,,,,13721174.0,ns,21
plots,plot_10x1000_points,,,,13745952.0,ns,21
plots,plot_10x1000_points,,,,13747201.0,ns,21
plots,plot_10x1000_points,,,,13749128.0,ns,21
plots,plot_10x1000_points,,,,13741799.0,ns,21
plots,plot_10x1000_points,,,,13808600.0,ns,21
plots,plot_10x1000_points,,,,13822588.0,ns,21
plots,plot_10x1000_points,,,,13926359.0,ns,21
plots,plot_10x1000_points,,,,13975581.0,ns,21
plots,plot_10x1000_points,,,,13978255.0,ns,21
plots,plot_10x1000_points,,,,14003431.0,ns,21
plots,plot_10x1000_points,,,,13982821.0,ns,21
plots,plot_10x1000_points,,,,14019380.0,ns,21
plots,plot_10x1000_points,,,,14089904.0,ns,21
plots,plot_10x1000_points,,,,14094963.0,ns,21
plots,plot_10x1000_points,,,,14004413.0,ns,21
plots,plot_10x1000_points,,,,14029271.0,ns,21
plots,plot_10x1000_points,,,,14050938.0,ns,21
plots,plot_10x1000_points,,,,14009515.0,ns,21
plots,plot_10x1000_points,,,,13999201.0,ns,21
plots,plot_10x1000_points,,,,14101909.0,ns,21
plots,plot_10x1000_points,,,,14009168.0,ns,21
plots,plot_10x1000_points,,,,14090371.0,ns,21
plots,plot_10x1000_points,,,,13976052.0,ns,21
plots,plot_10x1000_points,,,,14042922.0,ns,21
plots,plot_10x1000_points,,,,14090299.0,ns,21
plots,plot_10x1000_points,,,,14047437.0,ns,21
plots,plot_10x1000_points,,,,13947250.0,ns,21
plots,plot_10x1000_points,,,,13902917.0,ns,21
plots,plot_10x1000_points,,,,14047706.0,ns,21
plots,plot_10x1000_points,,,,13949688.0,ns,21
plots,plot_10x1000_points,,,,13954411.0,ns,21
plots,plot_10x1000_points,,,,14012572.0,ns,21
plots,plot_10x1000_points,,,,13949779.0,ns,21
plots,plot_10x1000_points,,,,13993815.0,ns,21
plots,plot_10x1000_points,,,,14059295.0,ns,21
plots,plot_10x1000_points,,,,14062651.0,ns,21
plots,plot_10x1000_points,,,,13930101.0,ns,21
plots,plot_10x1000_points,,,,14005866.0,ns,21
plots,plot_10x1000_points,,,,14006987.0,ns,21
plots,plot_10x1000_points,,,,14025083.0,ns,21
plots,plot_10x1000_points,,,,13979868.0,ns,21
plots,plot_10x1000_points,,,,14055645.0,ns,21
plots,plot_10x1000_points,,,,13944599.0,ns,21
plots,plot_10x1000_points,,,,14078359.0,ns,21
plots,plot_10x1000_points,,,,14027236.0,ns,21
plots,plot_10x1000_points,,,,14076675.0,ns,21
plots,plot_10x1000_points,,,,13984851.0,ns,21
plots,plot_10x1000_points,,,,13952955.0,ns,21
plots,plot_10x1000_points,,,,13974463.0,ns,21
plots,plot_10x1000_points,,,,14071959.0,ns,21
plots,plot_10x1000_points,,,,14001164.0,ns,21
plots,plot_10x1000_points,,,,13956173.0,ns,21
plots,plot_10x1000_points,,,,14072795.0,ns,21
plots,plot_10x1000_points,,,,14041328.0,ns,21
plots,plot_10x1000_points,,,,13930529.0,ns,21
plots,plot_10x1000_points,,,,14042101.0,ns,21
plots,plot_10x1000_points,,,,14011056.0,ns,21
plots,plot_10x1000_points,,,,14002606.0,ns,21
plots,plot_10x1000_points,,,,14034478.0,ns,21
plots,plot_10x1000_points,,,,13957729.0,ns,21
plots,plot_10x1000_points,,,,14023775.0,ns,21
plots,plot_10x1000_points,,,,14010248.0,ns,21
plots,plot_10x1000_points,,,,13837925.0,ns,21
plots,plot_10x1000_points,,,,13251473.0,ns,21
plots,plot_10x1000_points,,,,12830979.0,ns,21
plots,plot_10x1000_points,,,,12943692.0,ns,21
plots,plot_10x1000_points,,,,12888017.0,ns,21
plots,plot_10x1000_points,,,,12983164.0,ns,21
plots,plot_10x1000_points,,,,12922071.0,ns,21
plots,plot_10x1000_points,,,,13072478.0,ns,21
plots,plot_10x1000_points,,,,13052008.0,ns,21
plots,plot_10x1000_points,,,,13098653.0,ns,21
plots,plot_10x1000_points,,,,12996324.0,ns,21
plots,plot_10x1000_points,,,,12566272.0,ns,21
plots,plot_10x1000_points,,,,12915176.0,ns,21
plots,plot_10x1000_points,,,,12769152.0,ns,21
plots,plot_10x1000_points,,,,12869873.0,ns,21
plots,plot_10x1000_points,,,,12668210.0,ns,21
plots,plot_10x1000_points,,,,12854064.0,ns,21
plots,plot_10x1000_points,,,,12808156.0,ns,21
plots,plot_10x1000_points,,,,12985571.0,ns,21
plots,plot_10x1000_points,,,,12980821.0,ns,21
plots,plot_10x1000_points,,,,12872159.0,ns,21
plots,plot_10x1000_points,,,,13100197.0,ns,21
plots,plot_10x1000_points,,,,12881461.0,ns,21
plots,plot_10x1000_points,,,,12925433.0,ns,21
plots,plot_10x1000_points,,,,12754936.0,ns,21
plots,plot_10x1000_points,,,,12987355.0,ns,21
plots,plot_10x1000_points,,,,12840397.0,ns,21
plots,plot_10x1000_points,,,,12849976.0,ns,21
plots,plot_10x1000_points,,,,13330434.0,ns,21
plots,plot_10x1000_points,,,,13216038.0,ns,21
plots,plot_10x1000_points,,,,12922638.0,ns,21
plots,plot_10x1000_points,,,,12979619.0,ns,21
plots,plot_10x1000_points,,,,13101165.0,ns,21
plots,plot_10x1000_points,,,,13098972.0,ns,21
plots,plot_10x1000_points,,,,12923362.0,ns,21
plots,plot_10x1000_points,,,,12812360.0,ns,21
plots,plot_10x1000_points,,,,15182402.0,ns,21
plots,plot_10x1000_points,,,,12866999.0,ns,21
plots,plot_10x1000_points,,,,12935468.0,ns,21
plots,plot_10x1000_points,,,,12976533.0,ns,21
plots,plot_10x1000_points,,,,12893834.0,ns,21
plots,plot_10x1000_points,,,,12956397.0,ns,21
plots,plot_10x1000_points,,,,12881701.0,ns,21
plots,plot_10x1000_points,,,,12909557.0,ns,21
plots,plot_10x1000_points,,,,12896826.0,ns,21
plots,plot_10x1000_points,,,,12904252.0,ns,21
plots,plot_10x1000_points,,,,12955143.0,ns,21
plots,plot_10x1000_points,,,,12879477.0,ns,21
plots,plot_10x1000_points,,,,12944833.0,ns,21
plots,plot_10x1000_points,,,,12949037.0,ns,21
plots,plot_10x1000_points,,,,12886938.0,ns,21
plots,plot_10x1000_points,,,,13010932.0,ns,21
plots,plot_10x1000_points,,,,12937789.0,ns,21
plots,plot_10x1000_points,,,,12996023.0,ns,21
plots,plot_10x1000_points,,,,12921337.0,ns,21
plots,plot_10x1000_points,,,,12856563.0,ns,21
plots,plot_10x1000_points,,,,12956762.0,ns,21
plots,plot_10x1000_points,,,,12964305.0,ns,21
plots,plot_10x1000_points,,,,12860803.0,ns,21
plots,plot_10x1000_points,,,,12965316.0,ns,21
plots,plot_10x1000_points,,,,12913445.0,ns,21
plots,plot_10x1000_points,,,,12976626.0,ns,21
plots,plot_10x1000_points,,,,12965096.0,ns,21
plots,plot_10x1000_points,,,,12869649.0,ns,21
plots,plot_10x1000_points,,,,13421304.0,ns,21
plots,plot_10x1000_points,,,,12854081.0,ns,21
plots,plot_10x1000_points,,,,13105215.0,ns,21
plots,plot_10x1000_points,,,,13010357.0,ns,21
plots,plot_10x1000_points,,,,12845591.0,ns,21
plots,plot_10x1000_points,,,,12856634.0,ns,21
plots,plot_10x1000_points,,,,13012623.0,ns,21
plots,plot_10x1000_points,,,,12971345.0,ns,21
plots,plot_10x1000_points,,,,12910764.0,ns,21
plots,plot_10x1000_points,,,,12843167.0,ns,21
plots,plot_10x1000_points,,,,12950288.0,ns,21
plots,plot_10x1000_points,,,,13105871.0,ns,21
plots,plot_10x1000_points,,,,12881351.0,ns,21
plots,plot_10x1000_points,,,,12983021.0,ns,21
plots,plot_10x1000_points,,,,12961058.0,ns,21
plots,plot_10x1000_points,,,,12898010.0,ns,21
plots,plot_10x1000_points,,,,12940137.0,ns,21
plots,plot_10x1000_points,,,,12972691.0,ns,21
plots,plot_10x1000_points,,,,12945746.0,ns,21
plots,plot_10x1000_points,,,,12958101.0,ns,21
plots,plot_10x1000_points,,,,12898510.0,ns,21
plots,plot_10x1000_points,,,,12926102.0,ns,21
plots,plot_10x1000_points,,,,12865761.0,ns,21
plots,plot_10x1000_points,,,,12932537.0,ns,21
plots,plot_10x1000_points,,,,12920413.0,ns,21
plots,plot_10x1000_points,,,,12915634.0,ns,21
plots,plot_10x1000_points,,,,12892328.0,ns,21
plots,plot_10x1000_points,,,,13043625.0,ns,21
plots,plot_10x1000_points,,,,12821043.0,ns,21
plots,plot_10x1000_points,,,,13009018.0,ns,21
plots,plot_10x1000_points,,,,12815366.0,ns,21
plots,plot_10x1000_points,,,,13043243.0,ns,21
plots,plot_10x1000_points,,,,12857719.0,ns,21
plots,plot_10x1000_points,,,,13042493.0,ns,21
plots,plot_10x1000_points,,,,12931635.0,ns,21
plots,plot_10x1000_points,,,,13040910.0,ns,21
plots,plot_10x1000_points,,,,12973770.0,ns,21
plots,plot_10x1000_points,,,,12880982.0,ns,21
plots,plot_10x1000_points,,,,12889344.0,ns,21
plots,plot_10x1000_points,,,,12912717.0,ns,21
plots,plot_10x1000_points,,,,12910005.0,ns,21
plots,plot_10x1000_points,,,,12985975.0,ns,21
plots,plot_10x1000_points,,,,12920821.0,ns,21
plots,plot_10x1000_points,,,,12878564.0,ns,21
plots,plot_10x1000_points,,,,12891749.0,ns,21
plots,plot_10x1000_points,,,,12918674.0,ns,21
plots,plot_10x1000_points,,,,12912705.0,ns,21
plots,plot_10x1000_points,,,,12935670.0,ns,21
plots,plot_10x1000_points,,,,12871628.0,ns,21
plots,plot_10x1000_points,,,,12987315.0,ns,21
plots,plot_10x1000_points,,,,12843867.0,ns,21
plots,plot_10x1000_points,,,,12886511.0,ns,21
plots,plot_10x1000_points,,,,12931959.0,ns,21
plots,plot_10x1000_points,,,,12996274.0,ns,21
plots,plot_10x1000_points,,,,12965378.0,ns,21
plots,plot_10x1000_points,,,,12873597.0,ns,21
plots,plot_10x1000_points,,,,12929161.0,ns,21
plots,plot_10x1000_points,,,,12953655.0,ns,21
plots,plot_10x1000_points,,,,13032641.0,ns,21
plots,plot_10x1000_points,,,,12896795.0,ns,21
plots,plot_10x1000_points,,,,12998811.0,ns,21
plots,plot_10x1000_points,,,,12830796.0,ns,21
plots,plot_10x1000_points,,,,13032251.0,ns,21
plots,plot_10x1000_points,,,,12877612.0,ns,21
plots,plot_10x1000_points,,,,12895550.0,ns,21
plots,plot_10x1000_points,,,,12912147.0,ns,21
plots,plot_10x1000_points,,,,12983595.0,ns,21
plots,plot_10x1000_points,,,,13206897.0,ns,21
plots,plot_10x1000_points,,,,13160785.0,ns,21
plots,plot_10x1000_points,,,,13316499.0,ns,21
plots,plot_10x1000_points,,,,13288574.0,ns,21
plots,plot_10x1000_points,,,,13282760.0,ns,21
plots,plot_10x1000_points,,,,13388499.0,ns,21
plots,plot_10x1000_points,,,,13179419.0,ns,21
plots,plot_10x1000_points,,,,13307974.0,ns,21
plots,plot_10x1000_points,,,,13443151.0,ns,21
plots,plot_10x1000_points,,,,12685423.0,ns,21
plots,plot_10x1000_points,,,,12764253.0,ns,21
plots,plot_10x1000_points,,,,12543767.0,ns,21
plots,plot_10x1000_points,,,,12823111.0,ns,21
plots,plot_10x1000_points,,,,12753648.0,ns,21
plots,plot_10x1000_points,,,,12742835.0,ns,21
plots,plot_10x1000_points,,,,12852856.0,ns,21
plots,plot_10x1000_points,,,,13012804.0,ns,21
plots,plot_10x1000_points,,,,12648246.0,ns,21
plots,plot_10x1000_points,,,,12840733.0,ns,21
plots,plot_10x1000_points,,,,13364423.0,ns,21
plots,plot_10x1000_points,,,,13320516.0,ns,21
plots,plot_10x1000_points,,,,12780670.0,ns,21
plots,plot_10x1000_points,,,,12653114.0,ns,21
plots,plot_10x1000_points,,,,12896669.0,ns,21
plots,plot_10x1000_points,,,,12538790.0,ns,21
plots,plot_10x1000_points,,,,12941602.0,ns,21
plots,plot_10x1000_points,,,,12783886.0,ns,21
plots,plot_10x1000_points,,,,12874489.0,ns,21
plots,plot_10x1000_points,,,,13045179.0,ns,21
plots,plot_10x1000_points,,,,13085450.0,ns,21
plots,plot_10x1000_points,,,,12883981.0,ns,21
plots,plot_10x1000_points,,,,12861117.0,ns,21
plots,plot_10x1000_points,,,,13173148.0,ns,21
plots,plot_10x1000_points,,,,12941947.0,ns,21
plots,plot_10x1000_points,,,,12910260.0,ns,21
plots,plot_10x1000_points,,,,12868400.0,ns,21
plots,plot_10x1000_points,,,,13175074.0,ns,21
plots,plot_10x1000_points,,,,12943691.0,ns,21
plots,plot_10x1000_points,,,,12915108.0,ns,21
plots,plot_10x1000_points,,,,12889654.0,ns,21
plots,plot_10x1000_points,,,,12966685.0,ns,21
plots,plot_10x1000_points,,,,13012535.0,ns,21
plots,plot_10x1000_points,,,,12567208.0,ns,21
plots,plot_10x1000_points,,,,12812945.0,ns,21
plots,plot_10x1000_points,,,,12774730.0,ns,21
plots,plot_10x1000_points,,,,12773780.0,ns,21
plots,plot_10x1000_points,,,,12670829.0,ns,21
plots,plot_10x1000_points,,,,12855253.0,ns,21
plots,plot_10x1000_points,,,,12716816.0,ns,21
plots,plot_10x1000_points,,,,12838461.0,ns,21
plots,plot_10x1000_points,,,,12675205.0,ns,21
plots,plot_10x1000_points,,,,13155530.0,ns,21
plots,plot_10x1000_points,,,,12804353.0,ns,21
plots,plot_10x1000_points,,,,12740651.0,ns,21
plots,plot_10x1000_points,,,,12976640.0,ns,21
plots,plot_10x1000_points,,,,12687010.0,ns,21
plots,plot_10x1000_points,,,,12820040.0,ns,21
plots,plot_10x1000_points,,,,12813858.0,ns,21
plots,plot_10x1000_points,,,,12745349.0,ns,21
plots,plot_10x1000_points,,,,12777651.0,ns,21
plots,plot_10x1000_points,,,,12865413.0,ns,21
plots,plot_10x1000_points,,,,12754690.0,ns,21
plots,plot_10x1000_points,,,,12989493.0,ns,21
plots,plot_10x1000_points,,,,12725401.0,ns,21
plots,plot_10x1000_points,,,,12879737.0,ns,21
plots,plot_10x1000_points,,,,12854642.0,ns,21
plots,plot_10x1000_points,,,,12710761.0,ns,21
plots,plot_10x1000_points,,,,12887418.0,ns,21
plots,plot_10x1000_points,,,,12684135.0,ns,21
plots,plot_10x1000_points,,,,12769629.0,ns,21
plots,plot_10x1000_points,,,,12851227.0,ns,21
plots,plot_10x1000_points,,,,12861225.0,ns,21
plots,plot_10x1000_points,,,,12740516.0,ns,21
plots,plot_10x1000_points,,,,12784441.0,ns,21
plots,plot_10x1000_points,,,,12752648.0,ns,21
